{
  "axes": {
    "MU": {
      "probe": {
        "cell": "gemini/per_axis",
        "all": {
          "n": 199,
          "qwk": 0.65312051404744,
          "qwk_lo": 0.5880111938406415,
          "qwk_hi": 0.7120211547042473,
          "macro_f1": 0.5311509666348376,
          "f1_per_grade": [
            0.476,
            0.306,
            0.811
          ],
          "auroc_ge2": 0.9698265621287717
        },
        "real_only": {
          "n": 89,
          "qwk": 0.6522007404360346,
          "qwk_lo": 0.5446048687728641,
          "qwk_hi": 0.7452538744677965,
          "macro_f1": 0.5829303036620109,
          "f1_per_grade": [
            0.831,
            0.528,
            0.39
          ],
          "auroc_ge2": 0.8888888888888888
        }
      },
      "probe_linear": {
        "cell": "gemini/per_axis",
        "head": "linear",
        "all": {
          "n": 199,
          "qwk": 0.7433738412756209,
          "qwk_lo": 0.652839381293538,
          "qwk_hi": 0.8258873898025922,
          "macro_f1": 0.7686441455752057,
          "f1_per_grade": [
            0.869,
            0.648,
            0.789
          ],
          "auroc_ge2": 0.9724400095034451
        },
        "real_only": {
          "n": 89,
          "qwk": 0.6757920300253891,
          "qwk_lo": 0.5544974351882481,
          "qwk_hi": 0.7849635790084154,
          "macro_f1": 0.6553804307325434,
          "f1_per_grade": [
            0.861,
            0.648,
            0.457
          ],
          "auroc_ge2": 0.8222222222222222
        }
      },
      "gpt-oss-120b": {
        "all": {
          "n": 200,
          "qwk": 0.905422446406053,
          "qwk_lo": 0.8714651923691881,
          "qwk_hi": 0.935552882591087,
          "macro_f1": 0.7941525339808752,
          "f1_per_grade": [
            0.944,
            0.583,
            0.855
          ]
        },
        "real_only": {
          "n": 90,
          "qwk": 0.7177700348432056,
          "qwk_lo": 0.6165226968167483,
          "qwk_hi": 0.8017712900933562,
          "macro_f1": 0.6335125120366646,
          "f1_per_grade": [
            0.878,
            0.609,
            0.414
          ]
        }
      },
      "gpt-oss-safeguard-20b": {
        "all": {
          "n": 200,
          "qwk": 0.8736391912908242,
          "qwk_lo": 0.8266778857530555,
          "qwk_hi": 0.913637694029211,
          "macro_f1": 0.7572518915580262,
          "f1_per_grade": [
            0.918,
            0.521,
            0.833
          ]
        },
        "real_only": {
          "n": 90,
          "qwk": 0.6390977443609023,
          "qwk_lo": 0.49582970067360865,
          "qwk_hi": 0.7556202666513088,
          "macro_f1": 0.6079089992133471,
          "f1_per_grade": [
            0.813,
            0.576,
            0.435
          ]
        }
      },
      "gpt-5.4": {
        "all": {
          "n": 200,
          "qwk": 0.9111954924056835,
          "qwk_lo": 0.8749130667665942,
          "qwk_hi": 0.9413310415783998,
          "macro_f1": 0.7842010767822885,
          "f1_per_grade": [
            0.945,
            0.54,
            0.868
          ]
        },
        "real_only": {
          "n": 90,
          "qwk": 0.7290322580645161,
          "qwk_lo": 0.6319186250396517,
          "qwk_hi": 0.8083632199784496,
          "macro_f1": 0.6346079389722653,
          "f1_per_grade": [
            0.871,
            0.548,
            0.485
          ]
        }
      }
    },
    "PU": {
      "probe": {
        "cell": "qwen8b/generic",
        "all": {
          "n": 199,
          "qwk": 0.8623789764868603,
          "qwk_lo": 0.8185384208989768,
          "qwk_hi": 0.9022665719277685,
          "macro_f1": 0.7542051243327389,
          "f1_per_grade": [
            0.905,
            0.537,
            0.821
          ],
          "auroc_ge2": 0.9742827604032049
        },
        "real_only": {
          "n": 89,
          "qwk": 0.8060062969241948,
          "qwk_lo": 0.6867831286656891,
          "qwk_hi": 0.9090209818434714,
          "macro_f1": 0.7116777531411679,
          "f1_per_grade": [
            0.955,
            0.78,
            0.4
          ],
          "auroc_ge2": 0.9310344827586207
        }
      },
      "probe_linear": {
        "cell": "qwen8b/generic",
        "head": "linear",
        "all": {
          "n": 199,
          "qwk": 0.8663302388866881,
          "qwk_lo": 0.8127656446982829,
          "qwk_hi": 0.9143769980821119,
          "macro_f1": 0.7644391735751492,
          "f1_per_grade": [
            0.921,
            0.537,
            0.835
          ],
          "auroc_ge2": 0.9409408115792194
        },
        "real_only": {
          "n": 89,
          "qwk": 0.8171650308148825,
          "qwk_lo": 0.6769317852232132,
          "qwk_hi": 0.9202904001310441,
          "macro_f1": 0.7979064523469662,
          "f1_per_grade": [
            0.947,
            0.78,
            0.667
          ],
          "auroc_ge2": 0.9827586206896552
        }
      },
      "gpt-oss-120b": {
        "all": {
          "n": 200,
          "qwk": 0.9618259901383808,
          "qwk_lo": 0.9394002009741655,
          "qwk_hi": 0.981041969132803,
          "macro_f1": 0.8840961098398168,
          "f1_per_grade": [
            0.983,
            0.739,
            0.93
          ]
        },
        "real_only": {
          "n": 90,
          "qwk": 0.8906174039863879,
          "qwk_lo": 0.7734754475519449,
          "qwk_hi": 0.9681595709017767,
          "macro_f1": 0.8807943690296632,
          "f1_per_grade": [
            0.971,
            0.872,
            0.8
          ]
        }
      },
      "gpt-oss-safeguard-20b": {
        "all": {
          "n": 200,
          "qwk": 0.9218877135882831,
          "qwk_lo": 0.8750883091241118,
          "qwk_hi": 0.9616908673336027,
          "macro_f1": 0.8379674885051229,
          "f1_per_grade": [
            0.952,
            0.636,
            0.926
          ]
        },
        "real_only": {
          "n": 90,
          "qwk": 0.760985031385804,
          "qwk_lo": 0.5741202650820434,
          "qwk_hi": 0.8788927335640139,
          "macro_f1": 0.7565011820330968,
          "f1_per_grade": [
            0.936,
            0.667,
            0.667
          ]
        }
      },
      "gpt-5.4": {
        "all": {
          "n": 200,
          "qwk": 0.9775136524253132,
          "qwk_lo": 0.9596502984033288,
          "qwk_hi": 0.9908013231782461,
          "macro_f1": 0.9335993984614496,
          "f1_per_grade": [
            1.0,
            0.863,
            0.938
          ]
        },
        "real_only": {
          "n": 90,
          "qwk": 0.9789029535864979,
          "qwk_lo": 0.9334212158808933,
          "qwk_hi": 1.0,
          "macro_f1": 0.9255813953488371,
          "f1_per_grade": [
            1.0,
            0.977,
            0.8
          ]
        }
      }
    },
    "ET": {
      "probe": {
        "cell": "gemini/generic",
        "all": {
          "n": 198,
          "qwk": 0.47922543264465955,
          "qwk_lo": 0.34906919581113416,
          "qwk_hi": 0.5836368778139669,
          "macro_f1": 0.7146894537757481,
          "f1_per_grade": [
            0.857,
            0.627,
            0.66
          ],
          "auroc_ge2": 0.8068875326939843
        },
        "real_only": {
          "n": 88,
          "qwk": 0.4861995753715498,
          "qwk_lo": 0.3179419935282601,
          "qwk_hi": 0.6299724895607187,
          "macro_f1": 0.6616984261844074,
          "f1_per_grade": [
            0.857,
            0.692,
            0.436
          ],
          "auroc_ge2": 0.8482051282051282
        }
      },
      "probe_linear": {
        "cell": "gemini/generic",
        "head": "linear",
        "all": {
          "n": 198,
          "qwk": 0.5867928747111874,
          "qwk_lo": 0.4542372373723767,
          "qwk_hi": 0.693609052239357,